{"cameraMode":{"drawMode":0,"name":"Shaded","section":"Shading Mode"},"sceneLighting":false,"audioPlay":false,"sceneViewState":{"m_AlwaysRefresh":false,"showFog":true,"showSkybox":false,"showFlares":true,"showImageEffects":true,"showParticleSystems":true,"showVisualEffectGraphs":true,"m_FxEnabled":true},"in2DMode":false,"pivot":{"x":-1.1920928955078126e-7,"y":0.8493937849998474,"z":-0.3743878901004791},"rotation":{"x":-0.0007217664388008416,"y":-0.9991759657859802,"z":0.03748483955860138,"w":-0.01855490729212761},"size":2.077489137649536,"orthographic":true}