{"cameraMode":{"drawMode":0,"name":"Shaded","section":"Shading Mode"},"sceneLighting":false,"audioPlay":false,"sceneViewState":{"m_AlwaysRefresh":false,"showFog":true,"showSkybox":false,"showFlares":true,"showImageEffects":true,"showParticleSystems":true,"showVisualEffectGraphs":true,"m_FxEnabled":true},"in2DMode":false,"pivot":{"x":-1.0983179807662964,"y":1.3214280605316163,"z":-0.22608345746994019},"rotation":{"x":0.006934924051165581,"y":0.9139295816421509,"z":0.015629714354872705,"w":-0.4055119752883911},"size":2.1747066974639894,"orthographic":true}