{"cameraMode":{"drawMode":0,"name":"Shaded","section":"Shading Mode"},"sceneLighting":false,"audioPlay":false,"sceneViewState":{"m_AlwaysRefresh":false,"showFog":true,"showSkybox":false,"showFlares":true,"showImageEffects":true,"showParticleSystems":true,"showVisualEffectGraphs":true,"m_FxEnabled":true},"in2DMode":false,"pivot":{"x":-1.1920928955078126e-7,"y":0.9381786584854126,"z":-0.3968973457813263},"rotation":{"x":0.0017880749655887485,"y":-0.9975581169128418,"z":0.06533113867044449,"w":0.02666797861456871},"size":2.226963996887207,"orthographic":true}