{"cameraMode":{"drawMode":0,"name":"Shaded","section":"Shading Mode"},"sceneLighting":false,"audioPlay":false,"sceneViewState":{"m_AlwaysRefresh":false,"showFog":true,"showSkybox":false,"showFlares":true,"showImageEffects":true,"showParticleSystems":true,"showVisualEffectGraphs":true,"m_FxEnabled":true},"in2DMode":false,"pivot":{"x":-0.06382972002029419,"y":1.1225693225860596,"z":0.07869723439216614},"rotation":{"x":0.12828931212425233,"y":-0.8232039213180542,"z":0.2056366354227066,"w":0.5135042071342468},"size":1.3487318754196168,"orthographic":true}