{"cameraMode":{"drawMode":0,"name":"Shaded","section":"Shading Mode"},"sceneLighting":false,"audioPlay":false,"sceneViewState":{"m_AlwaysRefresh":false,"showFog":true,"showSkybox":false,"showFlares":true,"showImageEffects":true,"showParticleSystems":true,"showVisualEffectGraphs":true,"m_FxEnabled":true},"in2DMode":false,"pivot":{"x":-0.4075756072998047,"y":20.184795379638673,"z":-0.03697395324707031},"rotation":{"x":0.15805907547473908,"y":-0.28097662329673769,"z":0.04688671976327896,"w":0.9455773234367371},"size":28.202434539794923,"orthographic":true}