{"cameraMode":{"drawMode":0,"name":"Shaded","section":"Shading Mode"},"sceneLighting":false,"audioPlay":false,"sceneViewState":{"m_AlwaysRefresh":false,"showFog":true,"showSkybox":false,"showFlares":true,"showImageEffects":true,"showParticleSystems":true,"showVisualEffectGraphs":true,"m_FxEnabled":true},"in2DMode":false,"pivot":{"x":-1.1920928955078126e-7,"y":0.8206738233566284,"z":-0.04528933763504028},"rotation":{"x":0.0023391845170408489,"y":-0.984851598739624,"z":0.17311400175094605,"w":0.013325938023626805},"size":1.7031071186065674,"orthographic":true}