{"cameraMode":{"drawMode":0,"name":"Shaded","section":"Shading Mode"},"sceneLighting":false,"audioPlay":false,"sceneViewState":{"m_AlwaysRefresh":false,"showFog":true,"showSkybox":false,"showFlares":true,"showImageEffects":true,"showParticleSystems":true,"showVisualEffectGraphs":true,"m_FxEnabled":true},"in2DMode":false,"pivot":{"x":-1.1920928955078126e-7,"y":0.8206738233566284,"z":-0.04528933763504028},"rotation":{"x":0.0046963756904006008,"y":-0.9901503920555115,"z":0.13600043952465058,"w":0.03420337289571762},"size":1.7031071186065674,"orthographic":true}