{"cameraMode":{"drawMode":0,"name":"Shaded","section":"Shading Mode"},"sceneLighting":false,"audioPlay":false,"sceneViewState":{"m_AlwaysRefresh":false,"showFog":true,"showSkybox":false,"showFlares":true,"showImageEffects":true,"showParticleSystems":true,"showVisualEffectGraphs":true,"m_FxEnabled":true},"in2DMode":false,"pivot":{"x":0.10528463870286942,"y":1.2374160289764405,"z":-0.16362541913986207},"rotation":{"x":-0.0033114515244960787,"y":-0.996701717376709,"z":0.06137392669916153,"w":-0.05384499579668045},"size":1.3097045421600342,"orthographic":true}