{"cameraMode":{"drawMode":0,"name":"Shaded","section":"Shading Mode"},"sceneLighting":false,"audioPlay":false,"sceneViewState":{"m_AlwaysRefresh":false,"showFog":true,"showSkybox":false,"showFlares":true,"showImageEffects":true,"showParticleSystems":true,"showVisualEffectGraphs":true,"m_FxEnabled":true},"in2DMode":false,"pivot":{"x":0.3767891824245453,"y":0.38719165325164797,"z":0.1698235422372818},"rotation":{"x":-0.12336491793394089,"y":0.09091666340827942,"z":-0.011471224948763848,"w":-0.9882304668426514},"size":2.952638626098633,"orthographic":true}