{"cameraMode":{"drawMode":0,"name":"Shaded","section":"Shading Mode"},"sceneLighting":false,"audioPlay":false,"sceneViewState":{"m_AlwaysRefresh":false,"showFog":true,"showSkybox":false,"showFlares":true,"showImageEffects":true,"showParticleSystems":true,"showVisualEffectGraphs":true,"m_FxEnabled":true},"in2DMode":false,"pivot":{"x":-1.1920928955078126e-7,"y":1.0674246549606324,"z":-0.38403621315956118},"rotation":{"x":-0.16841202974319459,"y":-0.5564766526222229,"z":0.11631231009960175,"w":-0.8054250478744507},"size":2.2421603202819826,"orthographic":true}