{"cameraMode":{"drawMode":0,"name":"Shaded","section":"Shading Mode"},"sceneLighting":false,"audioPlay":false,"sceneViewState":{"m_AlwaysRefresh":false,"showFog":true,"showSkybox":false,"showFlares":true,"showImageEffects":true,"showParticleSystems":true,"showVisualEffectGraphs":true,"m_FxEnabled":true},"in2DMode":false,"pivot":{"x":-0.7246512770652771,"y":1.3428659439086915,"z":0.9574612379074097},"rotation":{"x":-0.0011695269495248795,"y":-0.9960737228393555,"z":0.08808106929063797,"w":-0.013118807226419449},"size":0.6555546522140503,"orthographic":true}