{"cameraMode":{"drawMode":0,"name":"Shaded","section":"Shading Mode"},"sceneLighting":false,"audioPlay":false,"sceneViewState":{"m_AlwaysRefresh":false,"showFog":true,"showSkybox":false,"showFlares":true,"showImageEffects":true,"showParticleSystems":true,"showVisualEffectGraphs":true,"m_FxEnabled":true},"in2DMode":false,"pivot":{"x":-0.054554134607315066,"y":0.8309889435768127,"z":0.44439151883125307},"rotation":{"x":-0.001466515357606113,"y":-0.9965791702270508,"z":0.08119989931583405,"w":-0.01821054145693779},"size":1.0241252183914185,"orthographic":true}