{"cameraMode":{"drawMode":0,"name":"Shaded","section":"Shading Mode"},"sceneLighting":false,"audioPlay":false,"sceneViewState":{"m_AlwaysRefresh":false,"showFog":true,"showSkybox":false,"showFlares":true,"showImageEffects":true,"showParticleSystems":true,"showVisualEffectGraphs":true,"m_FxEnabled":true},"in2DMode":false,"pivot":{"x":-1.1920928955078126e-7,"y":0.8555782437324524,"z":-0.18693679571151734},"rotation":{"x":-0.00027604110073298216,"y":-0.9993025064468384,"z":0.03779052570462227,"w":-0.007765273563563824},"size":1.930959939956665,"orthographic":true}