{"cameraMode":{"drawMode":0,"name":"Shaded","section":"Shading Mode"},"sceneLighting":false,"audioPlay":false,"sceneViewState":{"m_AlwaysRefresh":false,"showFog":true,"showSkybox":false,"showFlares":true,"showImageEffects":true,"showParticleSystems":true,"showVisualEffectGraphs":true,"m_FxEnabled":true},"in2DMode":false,"pivot":{"x":778.0787353515625,"y":175.82638549804688,"z":-17.872833251953126},"rotation":{"x":-0.10135118663311005,"y":-0.06089630722999573,"z":0.006161233875900507,"w":-0.993070662021637},"size":215.48208618164063,"orthographic":false}