{"cameraMode":{"drawMode":0,"name":"Shaded","section":"Shading Mode"},"sceneLighting":false,"audioPlay":false,"sceneViewState":{"m_AlwaysRefresh":false,"showFog":true,"showSkybox":false,"showFlares":true,"showImageEffects":true,"showParticleSystems":true,"showVisualEffectGraphs":true,"m_FxEnabled":true},"in2DMode":false,"pivot":{"x":-1.1920928955078126e-7,"y":0.9756469130516052,"z":-0.18693679571151734},"rotation":{"x":0.0046963756904006008,"y":-0.9901503920555115,"z":0.13600043952465058,"w":0.03420337289571762},"size":2.084221124649048,"orthographic":true}