{"cameraMode":{"drawMode":0,"name":"Shaded","section":"Shading Mode"},"sceneLighting":false,"audioPlay":false,"sceneViewState":{"m_AlwaysRefresh":false,"showFog":true,"showSkybox":false,"showFlares":true,"showImageEffects":true,"showParticleSystems":true,"showVisualEffectGraphs":true,"m_FxEnabled":true},"in2DMode":false,"pivot":{"x":-125.28353881835938,"y":-14.123498916625977,"z":-109.77372741699219},"rotation":{"x":0.0027339966036379339,"y":-0.9609596133232117,"z":-0.00950454268604517,"w":-0.2765292525291443},"size":135.14698791503907,"orthographic":false}