{"cameraMode":{"drawMode":0,"name":"Shaded","section":"Shading Mode"},"sceneLighting":false,"audioPlay":false,"sceneViewState":{"m_AlwaysRefresh":false,"showFog":true,"showSkybox":false,"showFlares":true,"showImageEffects":true,"showParticleSystems":true,"showVisualEffectGraphs":true,"m_FxEnabled":true},"in2DMode":false,"pivot":{"x":0.4849132299423218,"y":1.416128158569336,"z":0.22015638649463654},"rotation":{"x":0.02231958881020546,"y":-0.9737992882728577,"z":0.19840899109840394,"w":0.10944955796003342},"size":1.20768404006958,"orthographic":true}