{"cameraMode":{"drawMode":0,"name":"Shaded","section":"Shading Mode"},"sceneLighting":false,"audioPlay":false,"sceneViewState":{"m_AlwaysRefresh":false,"showFog":true,"showSkybox":false,"showFlares":true,"showImageEffects":true,"showParticleSystems":true,"showVisualEffectGraphs":true,"m_FxEnabled":true},"in2DMode":false,"pivot":{"x":-1.1920928955078126e-7,"y":1.039768934249878,"z":-0.26588574051856997},"rotation":{"x":0.038362469524145129,"y":-0.9074355363845825,"z":0.08490331470966339,"w":0.4098471999168396},"size":2.0089292526245119,"orthographic":true}