{"cameraMode":{"drawMode":0,"name":"Shaded","section":"Shading Mode"},"sceneLighting":false,"audioPlay":false,"sceneViewState":{"m_AlwaysRefresh":false,"showFog":true,"showSkybox":false,"showFlares":true,"showImageEffects":true,"showParticleSystems":true,"showVisualEffectGraphs":true,"m_FxEnabled":true},"in2DMode":false,"pivot":{"x":1.0205564498901368,"y":0.9697626829147339,"z":-0.36286240816116335},"rotation":{"x":-0.003990919329226017,"y":-0.9958482980728149,"z":0.05442851781845093,"w":-0.07359946519136429},"size":1.1938579082489014,"orthographic":true}