{"cameraMode":{"drawMode":0,"name":"Shaded","section":"Shading Mode"},"sceneLighting":false,"audioPlay":false,"sceneViewState":{"m_AlwaysRefresh":false,"showFog":true,"showSkybox":false,"showFlares":true,"showImageEffects":true,"showParticleSystems":true,"showVisualEffectGraphs":true,"m_FxEnabled":true},"in2DMode":false,"pivot":{"x":-1.1920928955078126e-7,"y":0.9377562403678894,"z":-0.2480737864971161},"rotation":{"x":-0.0023774534929543735,"y":-0.9976451396942139,"z":0.049723803997039798,"w":-0.04819513112306595},"size":2.0445282459259035,"orthographic":true}