{"cameraMode":{"drawMode":0,"name":"Shaded","section":"Shading Mode"},"sceneLighting":false,"audioPlay":false,"sceneViewState":{"m_AlwaysRefresh":false,"showFog":true,"showSkybox":false,"showFlares":true,"showImageEffects":true,"showParticleSystems":true,"showVisualEffectGraphs":true,"m_FxEnabled":true},"in2DMode":false,"pivot":{"x":-1.1920928955078126e-7,"y":0.8632624745368958,"z":-0.2522764801979065},"rotation":{"x":0.0008743507205508649,"y":-0.9962961077690125,"z":-0.010465222410857678,"w":-0.08596326410770416},"size":1.3056539297103882,"orthographic":true}