{"cameraMode":{"drawMode":0,"name":"Shaded","section":"Shading Mode"},"sceneLighting":false,"audioPlay":false,"sceneViewState":{"m_AlwaysRefresh":false,"showFog":true,"showSkybox":false,"showFlares":true,"showImageEffects":true,"showParticleSystems":true,"showVisualEffectGraphs":true,"m_FxEnabled":true},"in2DMode":false,"pivot":{"x":-1.1920928955078126e-7,"y":0.9481844305992127,"z":-0.2623838484287262},"rotation":{"x":0.0016188520239666105,"y":-0.9971888065338135,"z":0.07222110778093338,"w":0.022170186042785646},"size":2.0837345123291017,"orthographic":true}