{"cameraMode":{"drawMode":0,"name":"Shaded","section":"Shading Mode"},"sceneLighting":false,"audioPlay":false,"sceneViewState":{"m_AlwaysRefresh":false,"showFog":true,"showSkybox":false,"showFlares":true,"showImageEffects":true,"showParticleSystems":true,"showVisualEffectGraphs":true,"m_FxEnabled":true},"in2DMode":false,"pivot":{"x":-0.0007653236389160156,"y":0.9079301357269287,"z":-0.04831928014755249},"rotation":{"x":-0.0023774534929543735,"y":-0.9976451396942139,"z":0.049723803997039798,"w":-0.04819513112306595},"size":1.842300534248352,"orthographic":true}