{"cameraMode":{"drawMode":0,"name":"Shaded","section":"Shading Mode"},"sceneLighting":false,"audioPlay":false,"sceneViewState":{"m_AlwaysRefresh":false,"showFog":true,"showSkybox":false,"showFlares":true,"showImageEffects":true,"showParticleSystems":true,"showVisualEffectGraphs":true,"m_FxEnabled":true},"in2DMode":false,"pivot":{"x":-0.19476336240768434,"y":0.9875450134277344,"z":0.3468474745750427},"rotation":{"x":-0.0023774534929543735,"y":-0.9976451396942139,"z":0.049723803997039798,"w":-0.04819513112306595},"size":1.3232208490371705,"orthographic":true}