{"cameraMode":{"drawMode":0,"name":"Shaded","section":"Shading Mode"},"sceneLighting":false,"audioPlay":false,"sceneViewState":{"m_AlwaysRefresh":false,"showFog":true,"showSkybox":false,"showFlares":true,"showImageEffects":true,"showParticleSystems":true,"showVisualEffectGraphs":true,"m_FxEnabled":true},"in2DMode":false,"pivot":{"x":2.9802322387695315e-8,"y":-0.23290833830833436,"z":1.3245601654052735},"rotation":{"x":-0.00048119729035533965,"y":-0.9894912838935852,"z":0.14499394595623017,"w":-0.003538579912856221},"size":0.33235037326812746,"orthographic":true}