{"cameraMode":{"drawMode":0,"name":"Shaded","section":"Shading Mode"},"sceneLighting":false,"audioPlay":false,"sceneViewState":{"m_AlwaysRefresh":false,"showFog":true,"showSkybox":false,"showFlares":true,"showImageEffects":true,"showParticleSystems":true,"showVisualEffectGraphs":true,"m_FxEnabled":true},"in2DMode":false,"pivot":{"x":-3.815000057220459,"y":69.3499984741211,"z":572.1129760742188},"rotation":{"x":0.00028023283812217414,"y":-0.9998456835746765,"z":-0.017397139221429826,"w":-0.016699399799108506},"size":10.467966079711914,"orthographic":true}